Marie_Curie	/wiki/Marie_Curie	0
Gabriel Lippmann	/wiki/Gabriel_Lippmann	1
André-Louis Debierne	/wiki/Andr%C3%A9-Louis_Debierne	2
Óscar Moreno	/wiki/%C3%93scar_Moreno	3
Marguerite Perey	/wiki/Marguerite_Perey	4
Émile Henriot	/wiki/%C3%89mile_Henriot_(chemist)	5
Gustav Kirchhoff	/wiki/Gustav_Kirchhoff	6
Franz Ernst Neumann	/wiki/Franz_Ernst_Neumann	7
citation needed	/wiki/Wikipedia:Citation_needed	8
Christian Samuel Weiss	/wiki/Christian_Samuel_Weiss	9
Woldemar Voigt	/wiki/Woldemar_Voigt	10
Alfred Clebsch	/wiki/Alfred_Clebsch	11
Gustav Robert Kirchhoff	/wiki/Gustav_Robert_Kirchhoff	12
Friedrich Heinrich Albert Wangerin	/wiki/Friedrich_Heinrich_Albert_Wangerin	13
Abraham Gottlob Werner	/wiki/Abraham_Gottlob_Werner	14
Johann Carl Gehler	/wiki/Johann_Carl_Gehler	15
Christian Gottlieb Ludwig	/wiki/Christian_Gottlieb_Ludwig	16
Augustin Friedrich Walther	/wiki/Augustin_Friedrich_Walther	17
Paul Drude	/wiki/Paul_Drude	18
Gottlob Frege	/wiki/Gottlob_Frege	19
Alexander von Brill	/wiki/Alexander_von_Brill	20
Ernst Christian Julius Schering	/wiki/Ernst_Christian_Julius_Schering	21
Sebastian Finsterwalder	/wiki/Sebastian_Finsterwalder	22
Max Planck	/wiki/Max_Planck	23
Hermann von Helmholtz	/wiki/Hermann_von_Helmholtz	24
Erich Kretschmann	/wiki/Erich_Kretschmann	25
Gustav Ludwig Hertz	/wiki/Gustav_Ludwig_Hertz	26
Julius Edgar Lilienfeld	/wiki/Julius_Edgar_Lilienfeld	27
Max Abraham	/wiki/Max_Abraham	28
Max von Laue	/wiki/Max_von_Laue	29
Moritz Schlick	/wiki/Moritz_Schlick	30
Walter Schottky	/wiki/Walter_H._Schottky	31
Walther Bothe	/wiki/Walther_Bothe	32
Walther Meissner	/wiki/Walther_Meissner	33
Richard Becker	/wiki/Richard_Becker_(physicist)	34
Johannes Peter Müller	/wiki/Johannes_Peter_M%C3%BCller	35
Albert A. Michelson	/wiki/Albert_A._Michelson	36
Wilhelm Wien	/wiki/Wilhelm_Wien	37
Heinrich Hertz	/wiki/Heinrich_Hertz	38
Loránd Eötvös	/wiki/Lor%C3%A1nd_E%C3%B6tv%C3%B6s	39
Otto Lummer	/wiki/Otto_Lummer	40
Michael I. Pupin	/wiki/Michael_I._Pupin	41
Friedrich Schottky	/wiki/Friedrich_Schottky	42
Arthur Gordon Webster	/wiki/Arthur_Gordon_Webster	43
August F. J. K. Mayer	/wiki/August_Franz_Josef_Karl_Mayer	44
[1]	#cite_note-1	45
Rudolf Virchow	/wiki/Rudolf_Virchow	46
Hermann Helmholtz	/wiki/Hermann_Helmholtz	47
Robert Millikan	/wiki/Robert_Millikan	48
Ogden Nicholas Rood	/wiki/Ogden_Rood	49
Chung-Yao Chao	/wiki/Chung-Yao_Chao	50
Robley D. Evans	/wiki/Robley_D._Evans_(physicist)	51
Harvey Fletcher	/wiki/Harvey_Fletcher	52
C. C. Lauritsen	/wiki/Charles_Christian_Lauritsen	53
Leonard Benedict Loeb	/wiki/Leonard_Benedict_Loeb	54
William Pickering	/wiki/William_Hayward_Pickering	55
Ralph A. Sawyer	/wiki/Ralph_A._Sawyer	56
Robert A. Millikan	/wiki/Robert_Andrews_Millikan	57
H. Richard Crane	/wiki/H._Richard_Crane	58
William A. Fowler	/wiki/William_Alfred_Fowler	59
J. Richard Bond	/wiki/J._Richard_Bond	60
Donald Clayton	/wiki/Donald_Clayton	61
F. Curtis Michel	/wiki/F._Curtis_Michel	62
Karl Hartmann	/wiki/Karl_Hartmann	63
Gabriel Holtsmark	/wiki/Gabriel_Gabrielsen_Holtsmark	64
Eduard Rüchardt	/wiki/Eduard_R%C3%BCchardt	65
Heinz Billing	/wiki/Heinz_Billing	66
Walter Gerlach	/wiki/Walter_Gerlach	67
Gertrude Scharff Goldhaber	/wiki/Gertrude_Scharff_Goldhaber	68
[2]	#cite_note-IEEE-2	69
Walther Gerlach	/wiki/Walther_Gerlach	70
[3]	#cite_note-Bond_and_Henley_P4-3	71
Vilhelm Bjerknes	/wiki/Vilhelm_Bjerknes	72
George Ernest Gibson	/wiki/George_Ernest_Gibson	73
William Giauque	/wiki/William_Giauque	74
Glenn T. Seaborg	/wiki/Glenn_T._Seaborg	75
Wendell Mitchell Latimer	/wiki/Wendell_Mitchell_Latimer	76
Gilbert Newton Lewis	/wiki/Gilbert_Newton_Lewis	77
Ralph Arthur James	/wiki/Ralph_A._James	78
Joseph William Kennedy	/wiki/Joseph_W._Kennedy	79
Elizabeth Rauscher	/wiki/Elizabeth_Rauscher	80
Arthur Wahl	/wiki/Arthur_Wahl	81
Theodore William Richards	/wiki/Theodore_William_Richards	82
Michael Kasha	/wiki/Michael_Kasha	83
Harold Urey	/wiki/Harold_Urey	84
Joseph Edward Mayer	/wiki/Joseph_Edward_Mayer	85
Josiah Parsons Cooke	/wiki/Josiah_Parsons_Cooke	86
Gilbert N. Lewis	/wiki/Gilbert_N._Lewis	87
Farrington Daniels	/wiki/Farrington_Daniels	88
Malcolm Dole	/wiki/Malcolm_Dole	89
Charles Phelps Smyth	/wiki/Charles_Phelps_Smyth	90
Hobart Hurd Willard	/wiki/Hobart_Hurd_Willard	91
William O. Baker	/wiki/William_O._Baker	92
Mostafa El-Sayed	/wiki/Mostafa_El-Sayed	93
Stanley Miller	/wiki/Stanley_Miller	94
Harmon Craig	/wiki/Harmon_Craig	95
Mildred Cohn	/wiki/Mildred_Cohn	96
Jeffrey Bada	/wiki/Jeffrey_Bada	97
Harold C. Urey	/wiki/Harold_C._Urey	98
Edwin Howard Armstrong	/wiki/Edwin_Howard_Armstrong	99
Mildred Allen	/wiki/Mildred_Allen	100
Robert Goddard	/wiki/Robert_Goddard	101
Albert Potter Wills	/wiki/Albert_Potter_Wills	102
Isidor Isaac Rabi	/wiki/Isidor_Isaac_Rabi	103
Francis Bitter	/wiki/Francis_Bitter	104
Ralph De Laer Kronig	/wiki/Ralph_Kronig	105
Shirley Leon Quimby	/wiki/Shirley_Leon_Quimby	106
Julian Schwinger	/wiki/Julian_Schwinger	107
Norman F. Ramsey	/wiki/Norman_F._Ramsey	108
Martin L. Perl	/wiki/Martin_L._Perl	109
Harold Brown	/wiki/Harold_Brown_(Secretary_of_Defense)	110
Roy Glauber	/wiki/Roy_Glauber	111
Ben R. Mottelson	/wiki/Ben_R._Mottelson	112
Eugen Merzbacher	/wiki/Eugen_Merzbacher	113
Sheldon Lee Glashow	/wiki/Sheldon_Lee_Glashow	114
Walter Kohn	/wiki/Walter_Kohn	115
Bryce DeWitt	/wiki/Bryce_DeWitt	116
Daniel Kleitman	/wiki/Daniel_Kleitman	117
Sam Edwards	/wiki/Sam_Edwards_(physicist)	118
Gordon Baym	/wiki/Gordon_Baym	119
Lowell S. Brown	/wiki/Lowell_S._Brown	120
Stanley Deser	/wiki/Stanley_Deser	121
Lawrence Paul Horwitz	/wiki/Lawrence_Paul_Horwitz	122
Margaret G. Kivelson	/wiki/Margaret_G._Kivelson	123
Tung-Mow Yan	/wiki/Tung-Mow_Yan	124
[3]	#cite_note-mathgene-3	125
Leo Kadanoff	/wiki/Leo_Kadanoff	126
Daniel Frank Walls	/wiki/Daniel_Frank_Walls	127
[4]	#cite_note-4	128
Paul Martin	/w/index.php?title=Paul_Martin_(physicist)&action=edit&redlink=1	129
William A. Dembski	/wiki/William_A._Dembski	130
Anette Hosoi	/wiki/Anette_Hosoi	131
Marcelo Magnasco	/wiki/Marcelo_Osvaldo_Magnasco	132
Abdullah Sadiq	/wiki/Abdullah_Sadiq	133
Scott Shenker	/wiki/Scott_Shenker	134
Chao Tang	/wiki/Chao_Tang	135
Leo P. Kadanoff	/wiki/Leo_P._Kadanoff	136
Roy J. Glauber	/wiki/Roy_J._Glauber	137
Gerard J. Milburn	/wiki/Gerard_J._Milburn	138
[1]	#cite_note-frs-1	139
Monika Ritsch-Marte	/wiki/Monika_Ritsch-Marte	140
Howard Carmichael	/wiki/Howard_Carmichael	141
[1]	#cite_note-rsbm-1	142
Howard M. Wiseman	/wiki/Howard_M._Wiseman	143
[2]	#cite_note-mathgene-2	144
Donald Marolf	/wiki/Donald_Marolf	145
Stephen Altschul	/wiki/Stephen_Altschul	146
Douglas West	/wiki/Douglas_West_(mathematician)	147
Dimitris Bertsimas	/wiki/Dimitris_Bertsimas	148
[1]	#cite_note-mathgene-1	149
Ed Scheinerman	/wiki/Ed_Scheinerman	150
Michel Goemans	/wiki/Michel_Goemans	151
Aurelie Thiele	/wiki/Aurelie_Thiele	152
Jon Kleinberg	/wiki/Jon_Kleinberg	153
David P. Williamson	/wiki/David_P._Williamson	154
Elliott H. Lieb	/wiki/Elliott_H._Lieb	155
Monica Olvera de la Cruz	/wiki/Monica_Olvera_de_la_Cruz	156
Michael Cates	/wiki/Michael_Cates	157
Nigel Goldenfeld	/wiki/Nigel_Goldenfeld	158
Samuel Frederick Edwards	/wiki/Samuel_Frederick_Edwards	159
Gerald Edward Brown	/wiki/Gerald_Edward_Brown	160
Rudolf Peierls	/wiki/Rudolf_Peierls	161
Che-Ming Ko	/wiki/Che-Ming_Ko	162
Kevin Bedell	/w/index.php?title=Kevin_Bedell&action=edit&redlink=1	163
Vicente Vento	/w/index.php?title=Vicente_Vento&action=edit&redlink=1	164
Werner Heisenberg	/wiki/Werner_Heisenberg	165
Fred Hoyle	/wiki/Fred_Hoyle	166
E. E. Salpeter	/wiki/Edwin_Ernest_Salpeter	167
Gerald E. Brown	/wiki/Gerald_E._Brown	168
Walter Marshall	/wiki/Walter_Marshall,_Baron_Marshall_of_Goring	169
James S. Langer	/wiki/James_S._Langer	170
Arnold Sommerfeld	/wiki/Arnold_Sommerfeld	171
Felix Bloch	/wiki/Felix_Bloch	172
Edward Teller	/wiki/Edward_Teller	173
Rudolf E. Peierls	/wiki/Rudolf_E._Peierls	174
Reinhard Oehme	/wiki/Reinhard_Oehme	175
Friedwardt Winterberg	/wiki/Friedwardt_Winterberg	176
Șerban Țițeica	/wiki/%C8%98erban_%C8%9Ai%C8%9Beica	177
Ivan Supek	/wiki/Ivan_Supek	178
Erich Bagge	/wiki/Erich_Bagge	179
Hermann Arthur Jahn	/wiki/Hermann_Arthur_Jahn	180
Hans Heinrich Euler	/wiki/Hans_Heinrich_Euler	181
Ferdinand von Lindemann	/wiki/Ferdinand_von_Lindemann	182
Wolfgang Pauli	/wiki/Wolfgang_Pauli	183
Peter Debye	/wiki/Peter_Debye	184
Paul Sophus Epstein	/wiki/Paul_Sophus_Epstein	185
Hans Bethe	/wiki/Hans_Bethe	186
Ernst Guillemin	/wiki/Ernst_Guillemin	187
Karl Bechert	/wiki/Karl_Bechert	188
Paul Peter Ewald	/wiki/Paul_Peter_Ewald	189
Herbert Fröhlich	/wiki/Herbert_Fr%C3%B6hlich	190
Erwin Fues	/wiki/Erwin_Fues	191
Helmut Hönl	/wiki/Helmut_H%C3%B6nl	192
Ludwig Hopf	/wiki/Ludwig_Hopf	193
Walther Kossel	/wiki/Walther_Kossel	194
Adolf Kratzer	/wiki/Adolf_Kratzer	195
Alfred Landé	/wiki/Alfred_Land%C3%A9	196
Otto Laporte	/wiki/Otto_Laporte	197
Wilhelm Lenz	/wiki/Wilhelm_Lenz	198
Walter Rogowski	/wiki/Walter_Rogowski	199
Rudolf Seeliger	/wiki/Rudolf_Seeliger	200
Heinrich Welker	/wiki/Heinrich_Welker	201
Gregor Wentzel	/wiki/Gregor_Wentzel	202
C. Felix Klein	/wiki/C._Felix_Klein	203
[1]	#cite_note-Klein-1	204
Emil Hilb	/wiki/Emil_Hilb	205
David Hilbert	/wiki/David_Hilbert	206
Martin Kutta	/wiki/Martin_Kutta	207
Alfred Loewy	/wiki/Alfred_Loewy	208
Hermann Minkowski	/wiki/Hermann_Minkowski	209
Oskar Perron	/wiki/Oskar_Perron	210
Arthur Rosenthal	/wiki/Arthur_Rosenthal	211
Julius Plücker	/wiki/Julius_Pl%C3%BCcker	212
Rudolf Lipschitz	/wiki/Rudolf_Lipschitz	213
Ludwig Bieberbach	/wiki/Ludwig_Bieberbach	214
Maxime Bôcher	/wiki/Maxime_B%C3%B4cher	215
Oskar Bolza	/wiki/Oskar_Bolza	216
Max Brückner	/wiki/Max_Br%C3%BCckner	217
Frank Nelson Cole	/wiki/Frank_Nelson_Cole	218
Friedrich Dingeldey	/wiki/Friedrich_Dingeldey	219
Henry B. Fine	/wiki/Henry_Burchard_Fine	220
Erwin Freundlich	/wiki/Erwin_Freundlich	221
Robert Fricke	/wiki/Robert_Fricke	222
Philipp Furtwängler	/wiki/Philipp_Furtw%C3%A4ngler	223
Axel Harnack	/wiki/Carl_Gustav_Axel_Harnack	224
Mellen Haskell	/wiki/Mellen_Haskell	225
Adolf Hurwitz	/wiki/Adolf_Hurwitz	226
Edward Kasner	/wiki/Edward_Kasner	227
Alexander Ostrowski	/wiki/Alexander_Ostrowski	228
Julio Rey Pastor	/wiki/Julio_Rey_Pastor	229
Hermann Rothe	/wiki/Hermann_Rothe	230
Virgil Snyder	/wiki/Virgil_Snyder	231
Edward Van Vleck	/wiki/Edward_Van_Vleck	232
Walther von Dyck	/wiki/Walther_von_Dyck	233
Adolf Weiler	/wiki/Adolf_Weiler	234
Henry Seely White	/wiki/Henry_Seely_White	235
Alexander Witting	/wiki/Alexander_Witting	236
Grace Chisholm Young	/wiki/Grace_Chisholm_Young	237
Christian Ludwig Gerling	/wiki/Christian_Ludwig_Gerling	238
Felix Klein	/wiki/Felix_Klein	239
August Beer	/wiki/August_Beer	240
Carl Friedrich Gauss	/wiki/Carl_Friedrich_Gauss	241
Johann Friedrich Pfaff	/wiki/Johann_Friedrich_Pfaff	242
Johann Listing	/wiki/Johann_Benedict_Listing	243
Richard Dedekind	/wiki/Richard_Dedekind	244
Bernhard Riemann	/wiki/Bernhard_Riemann	245
Christian Peters	/wiki/Christian_Heinrich_Friedrich_Peters	246
Moritz Cantor	/wiki/Moritz_Cantor	247
Abraham Kästner	/wiki/Abraham_Kaestner	248
Johann Elert Bode	/wiki/Johann_Elert_Bode	249
August Möbius	/wiki/August_M%C3%B6bius	250
Karl Mollweide	/wiki/Karl_Mollweide	251
Christian August Hausen	/wiki/Christian_August_Hausen	252
Georg Christoph Lichtenberg	/wiki/Georg_Christoph_Lichtenberg	253
Johann Tobias Mayer	/wiki/Johann_Tobias_Mayer	254
Heinrich Wilhelm Brandes	/wiki/Heinrich_Wilhelm_Brandes	255
Johann Christian Polycarp Erxleben	/wiki/Johann_Christian_Polycarp_Erxleben	256
Johann Christoph Wichmannshausen	/wiki/Johann_Christoph_Wichmannshausen	257
Abraham Gotthelf Kästner	/wiki/Abraham_Gotthelf_K%C3%A4stner	258
Otto Mencke	/wiki/Otto_Mencke	259
Jakob Thomasius	/wiki/Jakob_Thomasius	260
Christian Michelmann	/w/index.php?title=Christian_Michelmann&action=edit&redlink=1	261
Johann Schweigger	/wiki/Johann_Schweigger	262
Enno Dirksen	/w/index.php?title=Enno_Dirksen&action=edit&redlink=1	263
Wilhelm Eduard Weber	/wiki/Wilhelm_Eduard_Weber	264
Johann Salomo Christoph Schweigger	/wiki/Johann_Salomo_Christoph_Schweigger	265
Ernst Abbe	/wiki/Ernst_Abbe	266
Friedrich Kohlrausch	/wiki/Friedrich_Wilhelm_Georg_Kohlrausch	267
Eduard Riecke	/wiki/Eduard_Riecke	268
Karl Snell	/w/index.php?title=Karl_Snell&action=edit&redlink=1	269
Heinrich Friedrich Weber	/wiki/Heinrich_Friedrich_Weber	270
Walther Nernst	/wiki/Walther_Nernst	271
Erasmus Kittler	/w/index.php?title=Erasmus_Kittler&action=edit&redlink=1	272
Friedrich Kohlrausch	/wiki/Friedrich_Kohlrausch_(physicist)	273
Sir Frances Simon	/wiki/Francis_Simon	274
Richard Abegg	/wiki/Richard_Abegg	275
Irving Langmuir	/wiki/Irving_Langmuir	276
Leonid Andrussow	/wiki/Leonid_Andrussow	277
Karl Friedrich Bonhoeffer	/wiki/Karl_Friedrich_Bonhoeffer	278
Frederick Lindemann	/wiki/Frederick_Lindemann,_1st_Viscount_Cherwell	279
William Duane	/wiki/William_Duane_(physicist)	280
Margaret Eliza Maltby	/wiki/Margaret_Eliza_Maltby	281
Arnold Eucken	/wiki/Arnold_Eucken	282
Kurt Mendelssohn	/wiki/Kurt_Mendelssohn	283
Brebis Bleaney	/wiki/Brebis_Bleaney	284
Franz Eugen Simon	/wiki/Franz_Eugen_Simon	285
Harold Max Rosenberg	/wiki/Harold_Max_Rosenberg	286
Peter V. E. McClintock	/wiki/Peter_V._E._McClintock	287
Nigel G. Stocks	/wiki/Nigel_G._Stocks	288
August Wilhelm von Hofmann	/wiki/August_Wilhelm_von_Hofmann	289
Clara Immerwahr	/wiki/Clara_Immerwahr	290
Justus von Liebig	/wiki/Justus_von_Liebig	291
Adolf Pinner	/wiki/Adolf_Pinner	292
Fritz Haber	/wiki/Fritz_Haber	293
Karl Friedrich von Auwers	/wiki/Karl_Friedrich_von_Auwers	294
Rudolf Hugo Nietzki	/wiki/Rudolf_Hugo_Nietzki	295
Ferdinand Tiemann	/wiki/Ferdinand_Tiemann	296
Eugen Bamberger	/wiki/Eugen_Bamberger	297
Karl Wilhelm Gottlob Kastner	/wiki/Karl_Wilhelm_Gottlob_Kastner	298
Carl Schmidt	/wiki/Carl_Schmidt_(chemist)	299
Nikolay Zinin	/wiki/Nikolay_Zinin	300
Victor Regnault	/wiki/Henri_Victor_Regnault	301
Carl von Voit	/wiki/Carl_von_Voit	302
Hermann von Fehling	/wiki/Hermann_von_Fehling	303
Hermann Franz Moritz Kopp	/wiki/Hermann_Franz_Moritz_Kopp	304
Lyon Playfair	/wiki/Lyon_Playfair,_1st_Baron_Playfair	305
Emil Erlenmeyer	/wiki/Emil_Erlenmeyer	306
Heinrich Ritthausen	/wiki/Heinrich_Ritthausen	307
Moritz Traube	/wiki/Moritz_Traube	308
Adolph Strecker	/wiki/Adolph_Strecker	309
Wilhelm Henneberg	/wiki/Wilhelm_Henneberg	310
Johann Friedrich August Gottling	/wiki/Johann_Friedrich_August_Gottling	311
[1]	#cite_note-mathgen-1	312
Johann Christian Wiegleb	/wiki/Johann_Christian_Wiegleb	313
Ernst Gottfried Baldinger	/wiki/Ernst_Gottfried_Baldinger	314
Johann Friedrich August Göttling	/wiki/Johann_Friedrich_August_G%C3%B6ttling	315
Sigismund Friedrich Hermbstädt	/wiki/Sigismund_Friedrich_Hermbst%C3%A4dt	316
Ernst Anton Nicolai	/wiki/Ernst_Anton_Nicolai	317
Samuel Thomas von Sömmerring	/wiki/Samuel_Thomas_von_S%C3%B6mmerring	318
Johann Friedrich Blumenbach	/wiki/Johann_Friedrich_Blumenbach	319
Johann Christian Gottlieb Ackermann	/wiki/Johann_Christian_Gottlieb_Ackermann	320
Christian Wilhelm Büttner	/w/index.php?title=Christian_Wilhelm_B%C3%BCttner&action=edit&redlink=1	321
de	https://de.wikipedia.org/wiki/Christian_Wilhelm_B%C3%BCttner	322
Johann Heinrich Friedrich Link	/wiki/Johann_Heinrich_Friedrich_Link	323
Friedrich Stromeyer	/wiki/Friedrich_Stromeyer	324
Karl Theodor Ernst von Siebold	/wiki/Karl_Theodor_Ernst_von_Siebold	325
Johann Friedrich Gmelin	/wiki/Johann_Friedrich_Gmelin	326
Louis Nicolas Vauquelin	/wiki/Louis_Nicolas_Vauquelin	327
Robert Bunsen	/wiki/Robert_Bunsen	328
Eilhard Mitscherlich	/wiki/Eilhard_Mitscherlich	329
Philipp Friedrich Gmelin	/wiki/Philipp_Friedrich_Gmelin	330
Ferdinand Christoph Oetinger	/wiki/Ferdinand_Christoph_Oetinger	331
Georg Friedrich Hildebrandt	/wiki/Georg_Friedrich_Hildebrandt	332
Carl Friedrich Kielmeyer	/wiki/Carl_Friedrich_Kielmeyer	333
Wilhelm August Lampadius	/wiki/Wilhelm_August_Lampadius	334
Burchard Mauchart	/wiki/Burchard_Mauchart	335
Elias Rudolph Camerarius Jr.	/w/index.php?title=Elias_Rudolph_Camerarius_Jr.&action=edit&redlink=1	336
Antoine Francois de Fourcroy	/wiki/Antoine_Fran%C3%A7ois,_comte_de_Fourcroy	337
Louis Thénard	/wiki/Louis_Jacques_Th%C3%A9nard	338
Jean Baptiste Michel Bucquet	/wiki/Jean_Baptiste_Michel_Bucquet	339
Adolf von Baeyer	/wiki/Adolf_von_Baeyer	340
Philipp Lenard	/wiki/Philipp_Lenard	341
Georg Ludwig Carius	/wiki/Georg_Ludwig_Carius	342
Hermann Kolbe	/wiki/Hermann_Kolbe	343
Adolf Lieben	/wiki/Adolf_Lieben	344
Carl Friedrich Wilhelm Ludwig	/wiki/Carl_Friedrich_Wilhelm_Ludwig	345
Viktor Meyer	/wiki/Viktor_Meyer	346
Friedrich Konrad Beilstein	/wiki/Friedrich_Konrad_Beilstein	347
Henry Enfield Roscoe	/wiki/Henry_Enfield_Roscoe	348
John Tyndall	/wiki/John_Tyndall	349
Edward Frankland	/wiki/Edward_Frankland	350
Thomas Edward Thorpe	/wiki/Thomas_Edward_Thorpe	351
Francis Robert Japp	/wiki/Francis_Robert_Japp	352
Friedrich August Kekulé	/wiki/Friedrich_August_Kekul%C3%A9_von_Stradonitz	353
Emil Fischer	/wiki/Hermann_Emil_Fischer	354
John Ulric Nef	/wiki/John_Ulric_Nef_(chemist)	355
Victor Villiger	/wiki/Victor_Villiger	356
Carl Theodore Liebermann	/wiki/Carl_Theodore_Liebermann	357
Carl Gräbe	/wiki/Carl_Gr%C3%A4be	358
Jacobus Henricus van 't Hoff	/wiki/Jacobus_Henricus_van_%27t_Hoff	359
Richard Anschütz	/wiki/Richard_Ansch%C3%BCtz	360
[2]	#cite_note-2	361
Ernst Cohen	/wiki/Ernst_Cohen	362
August Kekulé	/wiki/August_Kekul%C3%A9	363
Hans Meerwein	/wiki/Hans_Meerwein	364
Georg Wittig	/wiki/Georg_Wittig	365
Karl von Auwers	/wiki/Karl_von_Auwers	366
Werner Tochtermann	/wiki/Werner_Tochtermann	367
Ulrich Schöllkopf	/wiki/Ulrich_Sch%C3%B6llkopf	368
Victor Meyer	/wiki/Victor_Meyer	369
Karl Ziegler	/wiki/Karl_Ziegler	370
Traugott Sandmeyer	/wiki/Traugott_Sandmeyer	371
Wilhelm Michler	/wiki/Wilhelm_Michler	372
Max Bodenstein	/wiki/Max_Bodenstein	373
Heinrich Biltz	/wiki/Heinrich_Biltz	374
Jocelyn Field Thorpe	/wiki/Jocelyn_Field_Thorpe	375
Arthur Rudolf Hantzsch	/wiki/Arthur_Rudolf_Hantzsch	376
Johannes Wislicenus	/wiki/Johannes_Wislicenus	377
Friedrich Bergius	/wiki/Friedrich_Bergius	378
Alfred Werner	/wiki/Alfred_Werner	379
Franz Hein	/wiki/Franz_Hein	380
William Henry Perkin	/wiki/William_Henry_Perkin	381
Marcellin Berthelot	/wiki/Marcellin_Berthelot	382
Erika Cremer	/wiki/Erika_Cremer	383
Christopher Kelk Ingold	/wiki/Christopher_Kelk_Ingold	384
Ronald Gillespie	/wiki/Ronald_Gillespie	385
Ronald Sydney Nyholm	/wiki/Ronald_Sydney_Nyholm	386
[1]	#cite_note-adb-1	387
Robin Clark	/wiki/Robin_Clark_(chemist)	388
Richard J. Puddephatt	/wiki/Richard_J._Puddephatt	389
Alfred Stock	/wiki/Alfred_Stock	390
Otto Diels	/wiki/Otto_Diels	391
Otto Ruff	/wiki/Otto_Ruff	392
Walter A. Jacobs	/wiki/Walter_A._Jacobs	393
Ludwig Knorr	/wiki/Ludwig_Knorr	394
Oskar Piloty	/wiki/Oskar_Piloty	395
Julius Tafel	/wiki/Julius_Tafel	396
H. J. Emeléus	/wiki/Harry_Julius_Emel%C3%A9us	397
Kurt Alder	/wiki/Kurt_Alder	398
Karl Wilhelm Rosenmund	/wiki/Karl_Wilhelm_Rosenmund	399
Otto Paul Hermann Diels	/wiki/Otto_Paul_Hermann_Diels	400
Wilhelm Schlenk	/wiki/Wilhelm_Schlenk	401
Herman Mark	/wiki/Herman_Mark	402
Fritz Feigl	/wiki/Fritz_Feigl	403
Ernst David Bergmann	/wiki/Ernst_David_Bergmann	404
Erwin Chargaff	/wiki/Erwin_Chargaff	405
Cláudio Costa Neto	/wiki/Cl%C3%A1udio_Costa_Neto	406
Seymour S. Cohen	/wiki/Seymour_S._Cohen	407
David Sprinson	/w/index.php?title=David_Sprinson&action=edit&redlink=1	408
Boris Magasanik	/wiki/Boris_Magasanik	409
Adam Heller	/wiki/Adam_Heller	410
Robert Wilhelm Bunsen	/wiki/Robert_Wilhelm_Bunsen	411
G. H. Quincke	/wiki/Georg_Hermann_Quincke	412
H. G. Magnus	/wiki/Heinrich_Gustav_Magnus	413
K. F. Braun	/wiki/Karl_Ferdinand_Braun	414
Hermann Knoblauch	/wiki/Hermann_Knoblauch	415
August Kundt	/wiki/August_Kundt	416
Emil Warburg	/wiki/Emil_Warburg	417
Gustav Wiedemann	/wiki/Gustav_Wiedemann	418
Wilhelm Conrad Röntgen	/wiki/Wilhelm_Conrad_R%C3%B6ntgen	419
Ivan Pulyui	/wiki/Ivan_Pulyui	420
Hermann Theodor Simon	/wiki/Hermann_Theodor_Simon	421
Herman March	/wiki/Herman_March	422
Abram Ioffe	/wiki/Abram_Ioffe	423
Ernst Wagner	/wiki/Ernst_Wagner	424
Rudolf Ladenburg	/wiki/Rudolf_Ladenburg	425
Wilhelm Roentgen	/wiki/Wilhelm_Roentgen	426
Nikolay Semyonov	/wiki/Nikolay_Semyonov	427
David A. Frank-Kamenetskii	/wiki/David_A._Frank-Kamenetskii	428
Wilhelm Röntgen	/wiki/Wilhelm_R%C3%B6ntgen	429
Helmuth Kulenkampff	/wiki/Helmuth_Kulenkampff	430
Elmar Zeitler	/wiki/Elmar_Zeitler	431
Gustav Heinrich Angenheister	/w/index.php?title=Gustav_Heinrich_Angenheister&action=edit&redlink=1	432
Eduard Grüneisen	/wiki/Eduard_Gr%C3%BCneisen	433
James Franck	/wiki/James_Franck	434
Edgar Meyer	/w/index.php?title=Edgar_Meyer_(physicist)&action=edit&redlink=1	435
de	https://de.wikipedia.org/wiki/Edgar_Meyer_(Physiker)	436
R. W. Pohl	/wiki/R._W._Pohl	437
Emil Gabriel Warburg	/wiki/Emil_Gabriel_Warburg	438
Wilhelm Hanle	/wiki/Wilhelm_Hanle	439
Arthur R. von Hippel	/wiki/Arthur_R._von_Hippel	440
Theodore Puck	/wiki/Theodore_Puck	441